language,bad_word
Arabic,سكس
Arabic,طيز
Arabic,شرج
Arabic,لعق
Arabic,لحس
Arabic,مص
Arabic,تمص
Arabic,بيضان
Arabic,ثدي
Arabic,بز
Arabic,بزاز
Arabic,حلمة
Arabic,مفلقسة
Arabic,بظر
Arabic,كس
Arabic,فرج
Arabic,شهوة
Arabic,شاذ
Arabic,مبادل
Arabic,عاهرة
Arabic,جماع
Arabic,قضيب
Arabic,زب
Arabic,لوطي
Arabic,لواط
Arabic,سحاق
Arabic,سحاقية
Arabic,اغتصاب
Arabic,خنثي
Arabic,احتلام
Arabic,نيك
Arabic,متناك
Arabic,متناكة
Arabic,شرموطة
Arabic,عرص
Arabic,خول
Arabic,قحبة
Arabic,لبوة
Chinese,13.
Chinese,13点
Chinese,三级片
Chinese,下三烂
Chinese,下贱
Chinese,个老子的
Chinese,九游
Chinese,乳
Chinese,乳交
Chinese,乳头
Chinese,乳房
Chinese,乳波臀浪
Chinese,交配
Chinese,仆街
Chinese,他奶奶
Chinese,他奶奶的
Chinese,他奶娘的
Chinese,他妈
Chinese,他妈ㄉ王八蛋
Chinese,他妈地
Chinese,他妈的
Chinese,他娘
Chinese,他马的
Chinese,你个傻比
Chinese,你他马的
Chinese,你全家
Chinese,你奶奶的
Chinese,你她马的
Chinese,你妈
Chinese,你妈的
Chinese,你娘
Chinese,你娘卡好
Chinese,你娘咧
Chinese,你它妈的
Chinese,你它马的
Chinese,你是鸡
Chinese,你是鸭
Chinese,你马的
Chinese,做爱
Chinese,傻比
Chinese,傻逼
Chinese,册那
Chinese,军妓
Chinese,几八
Chinese,几叭
Chinese,几巴
Chinese,几芭
Chinese,刚度
Chinese,刚瘪三
Chinese,包皮
Chinese,十三点
Chinese,卖B
Chinese,卖比
Chinese,卖淫
Chinese,卵
Chinese,卵子
Chinese,双峰微颤
Chinese,口交
Chinese,口肯
Chinese,叫床
Chinese,吃屎
Chinese,后庭
Chinese,吹箫
Chinese,塞你公
Chinese,塞你娘
Chinese,塞你母
Chinese,塞你爸
Chinese,塞你老师
Chinese,塞你老母
Chinese,处女
Chinese,外阴
Chinese,大卵子
Chinese,大卵泡
Chinese,大鸡巴
Chinese,奶
Chinese,奶奶的熊
Chinese,奶子
Chinese,奸
Chinese,奸你
Chinese,她妈地
Chinese,她妈的
Chinese,她马的
Chinese,妈B
Chinese,妈个B
Chinese,妈个比
Chinese,妈个老比
Chinese,妈妈的
Chinese,妈比
Chinese,妈的
Chinese,妈的B
Chinese,妈逼
Chinese,妓
Chinese,妓女
Chinese,妓院
Chinese,妳她妈的
Chinese,妳妈的
Chinese,妳娘的
Chinese,妳老母的
Chinese,妳马的
Chinese,姘头
Chinese,姣西
Chinese,姦
Chinese,娘个比
Chinese,娘的
Chinese,婊子
Chinese,婊子养的
Chinese,嫖娼
Chinese,嫖客
Chinese,它妈地
Chinese,它妈的
Chinese,密洞
Chinese,射你
Chinese,射精
Chinese,小乳头
Chinese,小卵子
Chinese,小卵泡
Chinese,小瘪三
Chinese,小肉粒
Chinese,小骚比
Chinese,小骚货
Chinese,小鸡巴
Chinese,小鸡鸡
Chinese,屁眼
Chinese,屁股
Chinese,屄
Chinese,屌
Chinese,巨乳
Chinese,干x娘
Chinese,干七八
Chinese,干你
Chinese,干你妈
Chinese,干你娘
Chinese,干你老母
Chinese,干你良
Chinese,干妳妈
Chinese,干妳娘
Chinese,干妳老母
Chinese,干妳马
Chinese,干您娘
Chinese,干机掰
Chinese,干死CS
Chinese,干死GM
Chinese,干死你
Chinese,干死客服
Chinese,幹
Chinese,强奸
Chinese,强奸你
Chinese,性
Chinese,性交
Chinese,性器
Chinese,性无能
Chinese,性爱
Chinese,情色
Chinese,想上你
Chinese,懆您妈
Chinese,懆您娘
Chinese,懒8
Chinese,懒八
Chinese,懒叫
Chinese,懒教
Chinese,成人
Chinese,我操你祖宗十八代
Chinese,扒光
Chinese,打炮
Chinese,打飞机
Chinese,抽插
Chinese,招妓
Chinese,插你
Chinese,插死你
Chinese,撒尿
Chinese,操你
Chinese,操你全家
Chinese,操你奶奶
Chinese,操你妈
Chinese,操你娘
Chinese,操你祖宗
Chinese,操你老妈
Chinese,操你老母
Chinese,操妳
Chinese,操妳全家
Chinese,操妳妈
Chinese,操妳娘
Chinese,操妳祖宗
Chinese,操机掰
Chinese,操比
Chinese,操逼
Chinese,放荡
Chinese,日他娘
Chinese,日你
Chinese,日你妈
Chinese,日你老娘
Chinese,日你老母
Chinese,日批
Chinese,月经
Chinese,机八
Chinese,机巴
Chinese,机机歪歪
Chinese,杂种
Chinese,浪叫
Chinese,淫
Chinese,淫乱
Chinese,淫妇
Chinese,淫棍
Chinese,淫水
Chinese,淫秽
Chinese,淫荡
Chinese,淫西
Chinese,湿透的内裤
Chinese,激情
Chinese,灨你娘
Chinese,烂货
Chinese,烂逼
Chinese,爛
Chinese,狗屁
Chinese,狗日
Chinese,狗狼养的
Chinese,玉杵
Chinese,王八蛋
Chinese,瓜娃子
Chinese,瓜婆娘
Chinese,瓜批
Chinese,瘪三
Chinese,白烂
Chinese,白痴
Chinese,白癡
Chinese,祖宗
Chinese,私服
Chinese,笨蛋
Chinese,精子
Chinese,老二
Chinese,老味
Chinese,老母
Chinese,老瘪三
Chinese,老骚比
Chinese,老骚货
Chinese,肉壁
Chinese,肉棍子
Chinese,肉棒
Chinese,肉缝
Chinese,肏
Chinese,肛交
Chinese,肥西
Chinese,色情
Chinese,花柳
Chinese,荡妇
Chinese,賤
Chinese,贝肉
Chinese,贱B
Chinese,贱人
Chinese,贱货
Chinese,贼你妈
Chinese,赛你老母
Chinese,赛妳阿母
Chinese,赣您娘
Chinese,轮奸
Chinese,迷药
Chinese,逼
Chinese,逼样
Chinese,野鸡
Chinese,阳具
Chinese,阳萎
Chinese,阴唇
Chinese,阴户
Chinese,阴核
Chinese,阴毛
Chinese,阴茎
Chinese,阴道
Chinese,阴部
Chinese,雞巴
Chinese,靠北
Chinese,靠母
Chinese,靠爸
Chinese,靠背
Chinese,靠腰
Chinese,驶你公
Chinese,驶你娘
Chinese,驶你母
Chinese,驶你爸
Chinese,驶你老师
Chinese,驶你老母
Chinese,骚比
Chinese,骚货
Chinese,骚逼
Chinese,鬼公
Chinese,鸡8
Chinese,鸡八
Chinese,鸡叭
Chinese,鸡吧
Chinese,鸡奸
Chinese,鸡巴
Chinese,鸡芭
Chinese,鸡鸡
Chinese,龟儿子
Chinese,龟头
Chinese,𨳒
Chinese,陰莖
Chinese,㞗
Chinese,尻
Chinese,𨳊
Chinese,鳩
Chinese,𡳞
Chinese,𨶙
Chinese,撚
Chinese,𨳍
Chinese,柒
Chinese,閪
Chinese,咸家鏟
Chinese,冚家鏟
Chinese,咸家伶
Chinese,冚家拎
Chinese,笨實
Chinese,粉腸
Chinese,屎忽
Chinese,躝癱
Chinese,你老闆
Chinese,你老味
Chinese,你老母
Chinese,硬膠
Czech,bordel
Czech,buzna
Czech,čumět
Czech,čurák
Czech,debil
Czech,do piče
Czech,do prdele
Czech,dršťka
Czech,držka
Czech,flundra
Czech,hajzl
Czech,hovno
Czech,chcanky
Czech,chuj
Czech,jebat
Czech,kokot
Czech,kokotina
Czech,koňomrd
Czech,kunda
Czech,kurva
Czech,mamrd
Czech,mrdat
Czech,mrdka
Czech,mrdník
Czech,oslošoust
Czech,piča
Czech,píčus
Czech,píchat
Czech,pizda
Czech,prcat
Czech,prdel
Czech,prdelka
Czech,sračka
Czech,srát
Czech,šoustat
Czech,šulin
Czech,vypíčenec
Czech,zkurvit
Czech,zkurvysyn
Czech,zmrd
Czech,žrát
Danish,anus
Danish,bøsserøv
Danish,cock
Danish,fisse
Danish,fissehår
Danish,fuck
Danish,hestepik
Danish,kussekryller
Danish,lort
Danish,luder
Danish,pik
Danish,pikhår
Danish,pikslugeri
Danish,piksutteri
Danish,pis
Danish,røv
Danish,røvhul
Danish,røvskæg
Danish,røvspræke
Danish,shit
Dutch,aardappels afgieten
Dutch,achter het raam zitten
Dutch,afberen
Dutch,aflebberen
Dutch,afrossen
Dutch,afrukken
Dutch,aftrekken
Dutch,afwerkplaats
Dutch,afzeiken
Dutch,afzuigen
Dutch,een halve man en een paardekop
Dutch,anita
Dutch,asbak
Dutch,aso
Dutch,bagger schijten
Dutch,balen
Dutch,bedonderen
Dutch,befborstel
Dutch,beffen
Dutch,bekken
Dutch,belazeren
Dutch,besodemieterd zijn
Dutch,besodemieteren
Dutch,beurt
Dutch,boemelen
Dutch,boerelul
Dutch,boerenpummel
Dutch,bokkelul
Dutch,botergeil
Dutch,broekhoesten
Dutch,brugpieper
Dutch,buffelen
Dutch,buiten de pot piesen
Dutch,da's kloten van de bok
Dutch,de ballen
Dutch,de hoer spelen
Dutch,de hond uitlaten
Dutch,de koffer induiken
Dutch,del
Dutch,de pijp uitgaan
Dutch,dombo
Dutch,draaikont
Dutch,driehoog achter wonen
Dutch,drol
Dutch,drooggeiler
Dutch,droogkloot
Dutch,een beurt geven
Dutch,een nummertje maken
Dutch,een wip maken
Dutch,eikel
Dutch,engerd
Dutch,flamoes
Dutch,flikken
Dutch,flikker
Dutch,gadverdamme
Dutch,galbak
Dutch,gat
Dutch,gedoogzone
Dutch,geilneef
Dutch,gesodemieter
Dutch,godverdomme
Dutch,graftak
Dutch,gras maaien
Dutch,gratenkut
Dutch,greppeldel
Dutch,griet
Dutch,hoempert
Dutch,hoer
Dutch,hoerenbuurt
Dutch,hoerenloper
Dutch,hoerig
Dutch,hol
Dutch,hufter
Dutch,huisdealer
Dutch,johny
Dutch,kanen
Dutch,kettingzeug
Dutch,klaarkomen
Dutch,klerebeer
Dutch,klojo
Dutch,klooien
Dutch,klootjesvolk
Dutch,klootoog
Dutch,klootzak
Dutch,kloten
Dutch,knor
Dutch,kont
Dutch,kontneuken
Dutch,krentekakker
Dutch,kut
Dutch,kuttelikkertje
Dutch,kwakkie
Dutch,liefdesgrot
Dutch,lul
Dutch,lul-de-behanger
Dutch,lulhannes
Dutch,lummel
Dutch,mafketel
Dutch,matennaaier
Dutch,matje
Dutch,mof
Dutch,muts
Dutch,naaien
Dutch,naakt
Dutch,neuken
Dutch,neukstier
Dutch,nicht
Dutch,oetlul
Dutch,opgeilen
Dutch,opkankeren
Dutch,oprotten
Dutch,opsodemieteren
Dutch,op z'n hondjes
Dutch,op z'n sodemieter geven
Dutch,opzouten
Dutch,ouwehoer
Dutch,ouwehoeren
Dutch,ouwe rukker
Dutch,paal
Dutch,paardelul
Dutch,palen
Dutch,penoze
Dutch,piesen
Dutch,pijpbekkieg
Dutch,pijpen
Dutch,pik
Dutch,pleurislaaier
Dutch,poep
Dutch,poepen
Dutch,poot
Dutch,portiekslet
Dutch,pot
Dutch,potverdorie
Dutch,publiciteitsgeil
Dutch,raaskallen
Dutch,reet
Dutch,reetridder
Dutch,"reet trappen, voor zijn"
Dutch,remsporen
Dutch,reutelen
Dutch,rothoer
Dutch,rotzak
Dutch,rukhond
Dutch,rukken
Dutch,schatje
Dutch,schijt
Dutch,schijten
Dutch,schoft
Dutch,schuinsmarcheerder
Dutch,shit
Dutch,slempen
Dutch,slet
Dutch,sletterig
Dutch,slik mijn zaad
Dutch,snol
Dutch,spuiten
Dutch,standje
Dutch,standje-69
Dutch,stoephoer
Dutch,stootje
Dutch,stront
Dutch,sufferd
Dutch,tapijtnek
Dutch,teef
Dutch,temeier
Dutch,teringlijer
Dutch,toeter
Dutch,tongzoeng
Dutch,triootjeg
Dutch,trottoir prostituée
Dutch,trottoirteef
Dutch,vergallen
Dutch,verkloten
Dutch,verneuken
Dutch,viespeuk
Dutch,vingeren
Dutch,vleesroos
Dutch,voor jan lul
Dutch,voor jan-met-de-korte-achternaam
Dutch,watje
Dutch,welzijnsmafia
Dutch,wijf
Dutch,wippen
Dutch,wuftje
Dutch,zaadje
Dutch,zakkenwasser
Dutch,zeiken
Dutch,zeiker
Dutch,zuigen
Dutch,zuiplap
English,2g1c
English,2 girls 1 cup
English,acrotomophilia
English,alabama hot pocket
English,alaskan pipeline
English,anal
English,anilingus
English,anus
English,apeshit
English,arsehole
English,ass
English,asshole
English,assmunch
English,auto erotic
English,autoerotic
English,babeland
English,baby batter
English,baby juice
English,ball gag
English,ball gravy
English,ball kicking
English,ball licking
English,ball sack
English,ball sucking
English,bangbros
English,bangbus
English,bareback
English,barely legal
English,barenaked
English,bastard
English,bastardo
English,bastinado
English,bbw
English,bdsm
English,beaner
English,beaners
English,beaver cleaver
English,beaver lips
English,beastiality
English,bestiality
English,big black
English,big breasts
English,big knockers
English,big tits
English,bimbos
English,birdlock
English,bitch
English,bitches
English,black cock
English,blonde action
English,blonde on blonde action
English,blowjob
English,blow job
English,blow your load
English,blue waffle
English,blumpkin
English,bollocks
English,bondage
English,boner
English,boob
English,boobs
English,booty call
English,brown showers
English,brunette action
English,bukkake
English,bulldyke
English,bullet vibe
English,bullshit
English,bung hole
English,bunghole
English,busty
English,butt
English,buttcheeks
English,butthole
English,camel toe
English,camgirl
English,camslut
English,camwhore
English,carpet muncher
English,carpetmuncher
English,chocolate rosebuds
English,cialis
English,circlejerk
English,cleveland steamer
English,clit
English,clitoris
English,clover clamps
English,clusterfuck
English,cock
English,cocks
English,coprolagnia
English,coprophilia
English,cornhole
English,coon
English,coons
English,creampie
English,cum
English,cumming
English,cumshot
English,cumshots
English,cunnilingus
English,cunt
English,darkie
English,date rape
English,daterape
English,deep throat
English,deepthroat
English,dendrophilia
English,dick
English,dildo
English,dingleberry
English,dingleberries
English,dirty pillows
English,dirty sanchez
English,doggie style
English,doggiestyle
English,doggy style
English,doggystyle
English,dog style
English,dolcett
English,domination
English,dominatrix
English,dommes
English,donkey punch
English,double dong
English,double penetration
English,dp action
English,dry hump
English,dvda
English,eat my ass
English,ecchi
English,ejaculation
English,erotic
English,erotism
English,escort
English,eunuch
English,fag
English,faggot
English,fecal
English,felch
English,fellatio
English,feltch
English,female squirting
English,femdom
English,figging
English,fingerbang
English,fingering
English,fisting
English,foot fetish
English,footjob
English,frotting
English,fuck
English,fuck buttons
English,fuckin
English,fucking
English,fucktards
English,fudge packer
English,fudgepacker
English,futanari
English,gangbang
English,gang bang
English,gay sex
English,genitals
English,giant cock
English,girl on
English,girl on top
English,girls gone wild
English,goatcx
English,goatse
English,god damn
English,gokkun
English,golden shower
English,goodpoop
English,goo girl
English,goregasm
English,grope
English,group sex
English,g-spot
English,guro
English,hand job
English,handjob
English,hard core
English,hardcore
English,hentai
English,homoerotic
English,honkey
English,hooker
English,horny
English,hot carl
English,hot chick
English,how to kill
English,how to murder
English,huge fat
English,humping
English,incest
English,intercourse
English,jack off
English,jail bait
English,jailbait
English,jelly donut
English,jerk off
English,jigaboo
English,jiggaboo
English,jiggerboo
English,jizz
English,juggs
English,kike
English,kinbaku
English,kinkster
English,kinky
English,knobbing
English,leather restraint
English,leather straight jacket
English,lemon party
English,livesex
English,lolita
English,lovemaking
English,make me come
English,male squirting
English,masturbate
English,masturbating
English,masturbation
English,menage a trois
English,milf
English,missionary position
English,mong
English,motherfucker
English,mound of venus
English,mr hands
English,muff diver
English,muffdiving
English,nambla
English,nawashi
English,negro
English,neonazi
English,nigga
English,nigger
English,nig nog
English,nimphomania
English,nipple
English,nipples
English,nsfw
English,nsfw images
English,nude
English,nudity
English,nutten
English,nympho
English,nymphomania
English,octopussy
English,omorashi
English,one cup two girls
English,one guy one jar
English,orgasm
English,orgy
English,paedophile
English,paki
English,panties
English,panty
English,pedobear
English,pedophile
English,pegging
English,penis
English,phone sex
English,piece of shit
English,pikey
English,pissing
English,piss pig
English,pisspig
English,playboy
English,pleasure chest
English,pole smoker
English,ponyplay
English,poof
English,poon
English,poontang
English,punany
English,poop chute
English,poopchute
English,porn
English,porno
English,pornography
English,prince albert piercing
English,pthc
English,pubes
English,pussy
English,queaf
English,queef
English,quim
English,raghead
English,raging boner
English,rape
English,raping
English,rapist
English,rectum
English,reverse cowgirl
English,rimjob
English,rimming
English,rosy palm
English,rosy palm and her 5 sisters
English,rusty trombone
English,sadism
English,santorum
English,scat
English,schlong
English,scissoring
English,semen
English,sex
English,sexcam
English,sexo
English,sexy
English,sexual
English,sexually
English,sexuality
English,shaved beaver
English,shaved pussy
English,shemale
English,shibari
English,shit
English,shitblimp
English,shitty
English,shota
English,shrimping
English,skeet
English,slanteye
English,slut
English,s&m
English,smut
English,snatch
English,snowballing
English,sodomize
English,sodomy
English,spastic
English,spic
English,splooge
English,splooge moose
English,spooge
English,spread legs
English,spunk
English,strap on
English,strapon
English,strappado
English,strip club
English,style doggy
English,suck
English,sucks
English,suicide girls
English,sultry women
English,swastika
English,swinger
English,tainted love
English,taste my
English,tea bagging
English,threesome
English,throating
English,thumbzilla
English,tied up
English,tight white
English,tit
English,tits
English,titties
English,titty
English,tongue in a
English,topless
English,tosser
English,towelhead
English,tranny
English,tribadism
English,tub girl
English,tubgirl
English,tushy
English,twat
English,twink
English,twinkie
English,two girls one cup
English,undressing
English,upskirt
English,urethra play
English,urophilia
English,vagina
English,venus mound
English,viagra
English,vibrator
English,violet wand
English,vorarephilia
English,voyeur
English,voyeurweb
English,voyuer
English,vulva
English,wank
English,wetback
English,wet dream
English,white power
English,whore
English,worldsex
English,wrapping men
English,wrinkled starfish
English,xx
English,xxx
English,yaoi
English,yellow showers
English,yiffy
English,zoophilia
English,🖕
Esperanto,bugren
Esperanto,bugri
Esperanto,bugru
Esperanto,ĉiesulino
Esperanto,ĉiesulo
Esperanto,diofek
Esperanto,diofeka
Esperanto,fek
Esperanto,feken
Esperanto,fekfikanto
Esperanto,feklekulo
Esperanto,fekulo
Esperanto,fik
Esperanto,fikado
Esperanto,fikema
Esperanto,fikfek
Esperanto,fiki
Esperanto,fikiĝi
Esperanto,fikiĝu
Esperanto,fikilo
Esperanto,fikklaŭno
Esperanto,fikota
Esperanto,fiku
Esperanto,forfiki
Esperanto,forfikiĝu
Esperanto,forfiku
Esperanto,forfurzu
Esperanto,forpisi
Esperanto,forpisu
Esperanto,furzulo
Esperanto,kacen
Esperanto,kaco
Esperanto,kacsuĉulo
Esperanto,kojono
Esperanto,piĉen
Esperanto,piĉo
Esperanto,zamenfek
Filipino,puta ka
Filipino,putang ina
Filipino,tang ina
Filipino,tangina
Filipino,burat
Filipino,bayag
Filipino,bobo
Filipino,nognog
Filipino,tanga
Filipino,ulol
Filipino,kantot
Filipino,anak ka ng puta
Filipino,jakol
Finnish,alfred nussi
Finnish,bylsiä
Finnish,haahka
Finnish,haista paska
Finnish,haista vittu
Finnish,hatullinen
Finnish,helvetisti
Finnish,hevonkuusi
Finnish,hevonpaska
Finnish,hevonperse
Finnish,hevonvittu
Finnish,hevonvitunperse
Finnish,hitosti
Finnish,hitto
Finnish,huorata
Finnish,hässiä
Finnish,juosten kustu
Finnish,jutku
Finnish,jutsku
Finnish,jätkä
Finnish,kananpaska
Finnish,koiranpaska
Finnish,kuin esterin perseestä
Finnish,kulli
Finnish,kullinluikaus
Finnish,kuppainen
Finnish,kusaista
Finnish,kuseksia
Finnish,kusettaa
Finnish,kusi
Finnish,kusipää
Finnish,kusta
Finnish,kyrpiintynyt
Finnish,kyrpiintyä
Finnish,kyrpiä
Finnish,kyrpä
Finnish,kyrpänaama
Finnish,kyrvitys
Finnish,lahtari
Finnish,lutka
Finnish,molo
Finnish,molopää
Finnish,mulkero
Finnish,mulkku
Finnish,mulkvisti
Finnish,muna
Finnish,munapää
Finnish,munaton
Finnish,mutakuono
Finnish,mutiainen
Finnish,naida
Finnish,nainti
Finnish,narttu
Finnish,neekeri
Finnish,nekru
Finnish,nuolla persettä
Finnish,nussia
Finnish,nussija
Finnish,nussinta
Finnish,paljaalla
Finnish,palli
Finnish,pallit
Finnish,paneskella
Finnish,panettaa
Finnish,panna
Finnish,pano
Finnish,pantava
Finnish,paska
Finnish,paskainen
Finnish,paskamainen
Finnish,paskanmarjat
Finnish,paskantaa
Finnish,paskapuhe
Finnish,paskapää
Finnish,paskattaa
Finnish,paskiainen
Finnish,paskoa
Finnish,pehko
Finnish,pentele
Finnish,perkele
Finnish,perkeleesti
Finnish,persaukinen
Finnish,perse
Finnish,perseennuolija
Finnish,perseet olalla
Finnish,persereikä
Finnish,perseääliö
Finnish,persläpi
Finnish,perspano
Finnish,persvako
Finnish,pilkunnussija
Finnish,pillu
Finnish,pillut
Finnish,pipari
Finnish,piru
Finnish,pistää
Finnish,pyllyvako
Finnish,reikä
Finnish,reva
Finnish,ripsipiirakka
Finnish,runkata
Finnish,runkkari
Finnish,runkkaus
Finnish,runkku
Finnish,ryssä
Finnish,rättipää
Finnish,saatanasti
Finnish,suklaaosasto
Finnish,tavara
Finnish,toosa
Finnish,tuhkaluukku
Finnish,tumputtaa
Finnish,turpasauna
Finnish,tussu
Finnish,tussukka
Finnish,tussut
Finnish,vakipano
Finnish,vetää käteen
Finnish,viiksi
Finnish,vittu
Finnish,vittuilla
Finnish,vittuilu
Finnish,vittumainen
Finnish,vittuuntua
Finnish,vittuuntunut
Finnish,vitun
Finnish,vitusti
Finnish,vituttaa
Finnish,vitutus
Finnish,äpärä
French,baiser
French,bander
French,bigornette
French,bite
French,bitte
French,bloblos
French,bordel
French,bourré
French,bourrée
French,brackmard
French,branlage
French,branler
French,branlette
French,branleur
French,branleuse
French,brouter le cresson
French,caca
French,chatte
French,chiasse
French,chier
French,chiottes
French,clito
French,clitoris
French,con
French,connard
French,connasse
French,conne
French,couilles
French,cramouille
French,cul
French,déconne
French,déconner
French,emmerdant
French,emmerder
French,emmerdeur
French,emmerdeuse
French,enculé
French,enculée
French,enculeur
French,enculeurs
French,enfoiré
French,enfoirée
French,étron
French,fille de pute
French,fils de pute
French,folle
French,foutre
French,gerbe
French,gerber
French,gouine
French,grande folle
French,grogniasse
French,gueule
French,jouir
French,la putain de ta mère
French,MALPT
French,ménage à trois
French,merde
French,merdeuse
French,merdeux
French,meuf
French,nègre
French,negro
French,nique ta mère
French,nique ta race
French,palucher
French,pédale
French,pédé
French,péter
French,pipi
French,pisser
French,pouffiasse
French,pousse-crotte
French,putain
French,pute
French,ramoner
French,sac à foutre
French,sac à merde
French,salaud
French,salope
French,suce
French,tapette
French,tanche
French,teuch
French,tringler
French,trique
French,troncher
French,trou du cul
French,turlute
French,zigounette
French,zizi
French (CA),noune
French (CA),osti
French (CA),criss
French (CA),crisse
French (CA),calice
French (CA),tabarnak
French (CA),viarge
German,analritter
German,arsch
German,arschficker
German,arschlecker
German,arschloch
German,bimbo
German,bratze
German,bumsen
German,bonze
German,dödel
German,fick
German,ficken
German,flittchen
German,fotze
German,fratze
German,hackfresse
German,hure
German,hurensohn
German,ische
German,kackbratze
German,kacke
German,kacken
German,kackwurst
German,kampflesbe
German,kanake
German,kimme
German,lümmel
German,MILF
German,möpse
German,morgenlatte
German,möse
German,mufti
German,muschi
German,nackt
German,neger
German,nigger
German,nippel
German,nutte
German,onanieren
German,orgasmus
German,penis
German,pimmel
German,pimpern
German,pinkeln
German,pissen
German,pisser
German,popel
German,poppen
German,porno
German,reudig
German,rosette
German,schabracke
German,schlampe
German,scheiße
German,scheisser
German,schiesser
German,schnackeln
German,schwanzlutscher
German,schwuchtel
German,tittchen
German,titten
German,vögeln
German,vollpfosten
German,wichse
German,wichsen
German,wichser
Hindi,aand
Hindi,aandu
Hindi,balatkar
Hindi,balatkari
Hindi,behen chod
Hindi,beti chod
Hindi,bhadva
Hindi,bhadve
Hindi,bhandve
Hindi,bhangi
Hindi,bhootni ke
Hindi,bhosad
Hindi,bhosadi ke
Hindi,boobe
Hindi,chakke
Hindi,chinaal
Hindi,chinki
Hindi,chod
Hindi,chodu
Hindi,chodu bhagat
Hindi,chooche
Hindi,choochi
Hindi,choope
Hindi,choot
Hindi,choot ke baal
Hindi,chootia
Hindi,chootiya
Hindi,chuche
Hindi,chuchi
Hindi,chudaap
Hindi,chudai khanaa
Hindi,chudam chudai
Hindi,chude
Hindi,chut
Hindi,chut ka chuha
Hindi,chut ka churan
Hindi,chut ka mail
Hindi,chut ke baal
Hindi,chut ke dhakkan
Hindi,chut maarli
Hindi,chutad
Hindi,chutadd
Hindi,chutan
Hindi,chutia
Hindi,chutiya
Hindi,gaand
Hindi,gaandfat
Hindi,gaandmasti
Hindi,gaandufad
Hindi,gandfattu
Hindi,gandu
Hindi,gashti
Hindi,gasti
Hindi,ghassa
Hindi,ghasti
Hindi,gucchi
Hindi,gucchu
Hindi,harami
Hindi,haramzade
Hindi,hawas
Hindi,hawas ke pujari
Hindi,hijda
Hindi,hijra
Hindi,jhant
Hindi,jhant chaatu
Hindi,jhant ka keeda
Hindi,jhant ke baal
Hindi,jhant ke pissu
Hindi,jhantu
Hindi,kamine
Hindi,kaminey
Hindi,kanjar
Hindi,kutta
Hindi,kutta kamina
Hindi,kutte ki aulad
Hindi,kutte ki jat
Hindi,kuttiya
Hindi,loda
Hindi,lodu
Hindi,lund
Hindi,lund choos
Hindi,lund ka bakkal
Hindi,lund khajoor
Hindi,lundtopi
Hindi,lundure
Hindi,maa ki chut
Hindi,maal
Hindi,madar chod
Hindi,madarchod
Hindi,madhavchod
Hindi,mooh mein le
Hindi,mutth
Hindi,mutthal
Hindi,najayaz
Hindi,najayaz aulaad
Hindi,najayaz paidaish
Hindi,paki
Hindi,pataka
Hindi,patakha
Hindi,raand
Hindi,randaap
Hindi,randi
Hindi,randi rona
Hindi,saala
Hindi,saala kutta
Hindi,saali kutti
Hindi,saali randi
Hindi,suar
Hindi,suar ke lund
Hindi,suar ki aulad
Hindi,tatte
Hindi,tatti
Hindi,teri maa ka bhosada
Hindi,teri maa ka boba chusu
Hindi,teri maa ki behenchod
Hindi,teri maa ki chut
Hindi,tharak
Hindi,tharki
Hindi,tu chuda
Hungarian,balfasz
Hungarian,balfaszok
Hungarian,balfaszokat
Hungarian,balfaszt
Hungarian,barmok
Hungarian,barmokat
Hungarian,barmot
Hungarian,barom
Hungarian,baszik
Hungarian,bazmeg
Hungarian,buksza
Hungarian,bukszák
Hungarian,bukszákat
Hungarian,bukszát
Hungarian,búr
Hungarian,búrok
Hungarian,csöcs
Hungarian,csöcsök
Hungarian,csöcsöket
Hungarian,csöcsöt
Hungarian,fasz
Hungarian,faszfej
Hungarian,faszfejek
Hungarian,faszfejeket
Hungarian,faszfejet
Hungarian,faszok
Hungarian,faszokat
Hungarian,faszt
Hungarian,fing
Hungarian,fingok
Hungarian,fingokat
Hungarian,fingot
Hungarian,franc
Hungarian,francok
Hungarian,francokat
Hungarian,francot
Hungarian,geci
Hungarian,gecibb
Hungarian,gecik
Hungarian,geciket
Hungarian,gecit
Hungarian,kibaszott
Hungarian,kibaszottabb
Hungarian,kúr
Hungarian,kurafi
Hungarian,kurafik
Hungarian,kurafikat
Hungarian,kurafit
Hungarian,kurva
Hungarian,kurvák
Hungarian,kurvákat
Hungarian,kurvát
Hungarian,leggecibb
Hungarian,legkibaszottabb
Hungarian,legszarabb
Hungarian,marha
Hungarian,marhák
Hungarian,marhákat
Hungarian,marhát
Hungarian,megdöglik
Hungarian,pele
Hungarian,pelék
Hungarian,picsa
Hungarian,picsákat
Hungarian,picsát
Hungarian,pina
Hungarian,pinák
Hungarian,pinákat
Hungarian,pinát
Hungarian,pofa
Hungarian,pofákat
Hungarian,pofát
Hungarian,pöcs
Hungarian,pöcsök
Hungarian,pöcsöket
Hungarian,pöcsöt
Hungarian,punci
Hungarian,puncik
Hungarian,segg
Hungarian,seggek
Hungarian,seggeket
Hungarian,segget
Hungarian,seggfej
Hungarian,seggfejek
Hungarian,seggfejeket
Hungarian,seggfejet
Hungarian,szajha
Hungarian,szajhák
Hungarian,szajhákat
Hungarian,szajhát
Hungarian,szar
Hungarian,szarabb
Hungarian,szarik
Hungarian,szarok
Hungarian,szarokat
Hungarian,szart
Italian,allupato
Italian,ammucchiata
Italian,anale
Italian,arrapato
Italian,arrusa
Italian,arruso
Italian,assatanato
Italian,bagascia
Italian,bagassa
Italian,bagnarsi
Italian,baldracca
Italian,balle
Italian,battere
Italian,battona
Italian,belino
Italian,biga
Italian,bocchinara
Italian,bocchino
Italian,bofilo
Italian,boiata
Italian,bordello
Italian,brinca
Italian,bucaiolo
Italian,budiùlo
Italian,busone
Italian,cacca
Italian,caciocappella
Italian,cadavere
Italian,cagare
Italian,cagata
Italian,cagna
Italian,casci
Italian,cazzata
Italian,cazzimma
Italian,cazzo
Italian,cesso
Italian,cazzone
Italian,checca
Italian,chiappa
Italian,chiavare
Italian,chiavata
Italian,ciospo
Italian,ciucciami il cazzo
Italian,coglione
Italian,coglioni
Italian,cornuto
Italian,cozza
Italian,culattina
Italian,culattone
Italian,culo
Italian,ditalino
Italian,fava
Italian,femminuccia
Italian,fica
Italian,figa
Italian,figlio di buona donna
Italian,figlio di puttana
Italian,figone
Italian,finocchio
Italian,fottere
Italian,fottersi
Italian,fracicone
Italian,fregna
Italian,frocio
Italian,froscio
Italian,goldone
Italian,guardone
Italian,imbecille
Italian,incazzarsi
Italian,incoglionirsi
Italian,ingoio
Italian,leccaculo
Italian,lecchino
Italian,lofare
Italian,loffa
Italian,loffare
Italian,mannaggia
Italian,merda
Italian,merdata
Italian,merdoso
Italian,mignotta
Italian,minchia
Italian,minchione
Italian,mona
Italian,monta
Italian,montare
Italian,mussa
Italian,nave scuola
Italian,nerchia
Italian,padulo
Italian,palle
Italian,palloso
Italian,patacca
Italian,patonza
Italian,pecorina
Italian,pesce
Italian,picio
Italian,pincare
Italian,pippa
Italian,pinnolone
Italian,pipì
Italian,pippone
Italian,pirla
Italian,pisciare
Italian,piscio
Italian,pisello
Italian,pistolotto
Italian,pomiciare
Italian,pompa
Italian,pompino
Italian,porca
Italian,porca madonna
Italian,porca miseria
Italian,porca puttana
Italian,porco
Italian,porco due
Italian,porco zio
Italian,potta
Italian,puppami
Italian,puttana
Italian,quaglia
Italian,recchione
Italian,regina
Italian,rincoglionire
Italian,rizzarsi
Italian,rompiballe
Italian,rompipalle
Italian,ruffiano
Italian,sbattere
Italian,sbattersi
Italian,sborra
Italian,sborrata
Italian,sborrone
Italian,sbrodolata
Italian,scopare
Italian,scopata
Italian,scorreggiare
Italian,sega
Italian,slinguare
Italian,slinguata
Italian,smandrappata
Italian,soccia
Italian,socmel
Italian,sorca
Italian,spagnola
Italian,spompinare
Italian,sticchio
Italian,stronza
Italian,stronzata
Italian,stronzo
Italian,succhiami
Italian,succhione
Italian,sveltina
Italian,sverginare
Italian,tarzanello
Italian,terrone
Italian,testa di cazzo
Italian,tette
Italian,tirare
Italian,topa
Italian,troia
Italian,trombare
Italian,vacca
Italian,vaffanculo
Italian,vangare
Italian,zinne
Italian,zio cantante
Italian,zoccola
Japanese,3p
Japanese,g スポット
Japanese,s ＆ m
Japanese,sm
Japanese,sm女王
Japanese,xx
Japanese,アジアのかわいい女の子
Japanese,アスホール
Japanese,アナリングス
Japanese,アナル
Japanese,いたずら
Japanese,イラマチオ
Japanese,エクスタシー
Japanese,エスコート
Japanese,エッチ
Japanese,エロティズム
Japanese,エロティック
Japanese,オーガズム
Japanese,オカマ
Japanese,おしっこ
Japanese,おしり
Japanese,オシリ
Japanese,おしりのあな
Japanese,おっぱい
Japanese,オッパイ
Japanese,オナニー
Japanese,オマンコ
Japanese,おもらし
Japanese,お尻
Japanese,カーマスートラ
Japanese,カント
Japanese,クリトリス
Japanese,グループ・セックス
Japanese,グロ
Japanese,クンニリングス
Japanese,ゲイ・セックス
Japanese,ゲイボーイ
Japanese,ゴールデンシャワー
Japanese,コカイン
Japanese,ゴックン
Japanese,サディズム
Japanese,しばり
Japanese,スウィンガー
Japanese,スカートの中
Japanese,スカトロ
Japanese,ストラップオン
Japanese,ストリップ劇場
Japanese,スラット
Japanese,スリット
Japanese,セクシーな
Japanese,セクシーな 10 代
Japanese,セックス
Japanese,ソドミー
Japanese,ちんこ
Japanese,ディープ・スロート
Japanese,ディック
Japanese,ディルド
Japanese,デートレイプ
Japanese,デブ
Japanese,テレフォンセックス
Japanese,ドッグスタイル
Japanese,トップレス
Japanese,なめ
Japanese,ニガー
Japanese,ヌード
Japanese,ネオ・ナチ
Japanese,ハードコア
Japanese,パイパン
Japanese,バイブレーター
Japanese,バック・スタイル
Japanese,パンティー
Japanese,ビッチ
Japanese,ファック
Japanese,ファンタジー
Japanese,フィスト
Japanese,フェティッシュ
Japanese,フェラチオ
Japanese,ふたなり
Japanese,ぶっかけ
Japanese,フック
Japanese,プリンス アルバート ピアス
Japanese,プレイボーイ
Japanese,ベアバック
Japanese,ペニス
Japanese,ペニスバンド
Japanese,ボーイズラブ
Japanese,ボールギャグ
Japanese,ぽっちゃり
Japanese,ホモ
Japanese,ポルノ
Japanese,ポルノグラフィー
Japanese,ボンテージ
Japanese,マザー・ファッカー
Japanese,マスターベーション
Japanese,まんこ
Japanese,やおい
Japanese,やりまん
Japanese,ラティーナ
Japanese,ラバー
Japanese,ランジェリー
Japanese,レイプ
Japanese,レズビアン
Japanese,ローター
Japanese,ロリータ
Japanese,淫乱
Japanese,陰毛
Japanese,革抑制
Japanese,騎上位
Japanese,巨根
Japanese,巨乳
Japanese,強姦犯
Japanese,玉なめ
Japanese,玉舐め
Japanese,緊縛
Japanese,近親相姦
Japanese,嫌い
Japanese,後背位
Japanese,合意の性交
Japanese,拷問
Japanese,殺し方
Japanese,殺人事件
Japanese,殺人方法
Japanese,支配
Japanese,児童性虐待
Japanese,自己愛性
Japanese,射精
Japanese,手コキ
Japanese,獣姦
Japanese,女の子
Japanese,女王様
Japanese,女子高生
Japanese,女装
Japanese,新しいポルノ
Japanese,人妻
Japanese,人種
Japanese,性交
Japanese,正常位
Japanese,生殖器
Japanese,精液
Japanese,挿入
Japanese,足フェチ
Japanese,足を広げる
Japanese,大陰唇
Japanese,脱衣
Japanese,茶色のシャワー
Japanese,中出し
Japanese,潮吹き女
Japanese,潮吹き男性
Japanese,直腸
Japanese,剃毛
Japanese,貞操帯
Japanese,奴隷
Japanese,二穴
Japanese,乳首
Japanese,尿道プレイ
Japanese,覗き
Japanese,売春婦
Japanese,縛り
Japanese,噴出
Japanese,糞
Japanese,糞尿愛好症
Japanese,糞便
Japanese,平手打ち
Japanese,変態
Japanese,勃起する
Japanese,夢精
Japanese,毛深い
Japanese,誘惑
Japanese,幼児性愛者
Japanese,裸
Japanese,裸の女性
Japanese,乱交
Japanese,両性
Japanese,両性具有
Japanese,両刀
Japanese,輪姦
Japanese,卍
Japanese,宦官
Japanese,肛門
Japanese,膣
Kabyle,abbuc
Kabyle,aεeṭṭuḍ
Kabyle,aḥeččun
Kabyle,taḥeččunt
Kabyle,axuzziḍ
Kabyle,asxuẓeḍ
Kabyle,qqu
Kabyle,qquɣ
Kabyle,qqiɣ
Kabyle,qqan
Kabyle,qqant
Kabyle,tteqqun
Kabyle,tteqqunt
Kabyle,aqerqur
Kabyle,ajeḥniḍ
Kabyle,awellaq
Kabyle,iwellaqen
Kabyle,iḥeččan
Kabyle,iḥeččunen
Kabyle,uqan
Kabyle,taxna
Klingon,ghuy'cha'
Klingon,QI'yaH
Klingon,Qu'vatlh
Korean,강간
Korean,개새끼
Korean,개자식
Korean,개좆
Korean,개차반
Korean,거유
Korean,계집년
Korean,고자
Korean,근친
Korean,노모
Korean,니기미
Korean,뒤질래
Korean,딸딸이
Korean,때씹
Korean,또라이
Korean,뙤놈
Korean,로리타
Korean,망가
Korean,몰카
Korean,미친
Korean,미친새끼
Korean,바바리맨
Korean,변태
Korean,병신
Korean,보지
Korean,불알
Korean,빠구리
Korean,사까시
Korean,섹스
Korean,스와핑
Korean,쌍놈
Korean,씨발
Korean,씨발놈
Korean,씨팔
Korean,씹
Korean,씹물
Korean,씹빨
Korean,씹새끼
Korean,씹알
Korean,씹창
Korean,씹팔
Korean,암캐
Korean,애자
Korean,야동
Korean,야사
Korean,야애니
Korean,엄창
Korean,에로
Korean,염병
Korean,옘병
Korean,유모
Korean,육갑
Korean,은꼴
Korean,자위
Korean,자지
Korean,잡년
Korean,종간나
Korean,좆
Korean,좆만
Korean,죽일년
Korean,쥐좆
Korean,직촬
Korean,짱깨
Korean,쪽바리
Korean,창녀
Korean,포르노
Korean,하드코어
Korean,호로
Korean,화냥년
Korean,후레아들
Korean,후장
Korean,희쭈그리
Norwegian,asshole
Norwegian,dritt
Norwegian,drittsekk
Norwegian,faen
Norwegian,faen i helvete
Norwegian,fan
Norwegian,fanken
Norwegian,fitte
Norwegian,forbanna
Norwegian,forbannet
Norwegian,forjævlig
Norwegian,fuck
Norwegian,fy faen
Norwegian,føkk
Norwegian,føkka
Norwegian,føkkings
Norwegian,jævla
Norwegian,jævlig
Norwegian,helvete
Norwegian,helvetet
Norwegian,kuk
Norwegian,kukene
Norwegian,kuker
Norwegian,morraknuller
Norwegian,morrapuler
Norwegian,nigger
Norwegian,pakkis
Norwegian,pikk
Norwegian,pokker
Norwegian,ræva
Norwegian,ræven
Norwegian,satan
Norwegian,shit
Norwegian,sinnsykt
Norwegian,skitt
Norwegian,sotrør
Norwegian,ståpikk
Norwegian,ståpikkene
Norwegian,ståpikker
Norwegian,svartheiteste
Persian,آب کیر
Persian,ارگاسم
Persian,برهنه
Persian,پورن
Persian,پورنو
Persian,تجاوز
Persian,تخمی
Persian,جق
Persian,جقی
Persian,جلق
Persian,جنده
Persian,چوچول
Persian,حشر
Persian,حشری
Persian,داف
Persian,دودول
Persian,ساک زدن
Persian,سکس
Persian,سکس کردن
Persian,سکسی
Persian,سوپر
Persian,شق کردن
Persian,شهوت
Persian,شهوتی
Persian,شونبول
Persian,فیلم سوپر
Persian,کس
Persian,کس دادن
Persian,کس کردن
Persian,کسکش
Persian,کوس
Persian,کون
Persian,کون دادن
Persian,کون کردن
Persian,کونکش
Persian,کونی
Persian,کیر
Persian,کیری
Persian,لاپا
Persian,لاپایی
Persian,لاشی
Persian,لخت
Persian,لش
Persian,منی
Persian,هرزه
Polish,burdel
Polish,burdelmama
Polish,chuj
Polish,chujnia
Polish,ciota
Polish,cipa
Polish,cyc
Polish,debil
Polish,dmuchać
Polish,do kurwy nędzy
Polish,dupa
Polish,dupek
Polish,duperele
Polish,dziwka
Polish,fiut
Polish,gówno
Polish,gówno prawda
Polish,huj
Polish,huj ci w dupę
Polish,jajco
Polish,jajko
Polish,ja pierdolę
Polish,jebać
Polish,jebany
Polish,kurwa
Polish,kurwy
Polish,kutafon
Polish,kutas
Polish,lizać pałę
Polish,obciągać chuja
Polish,obciągać fiuta
Polish,obciągać loda
Polish,pieprzyć
Polish,pierdolec
Polish,pierdolić
Polish,pierdolnąć
Polish,pierdolnięty
Polish,pierdoła
Polish,pierdzieć
Polish,pizda
Polish,pojeb
Polish,pojebany
Polish,popierdolony
Polish,robic loda
Polish,robić loda
Polish,ruchać
Polish,rzygać
Polish,skurwysyn
Polish,sraczka
Polish,srać
Polish,suka
Polish,syf
Polish,wkurwiać
Polish,zajebisty
Portuguese,aborto
Portuguese,amador
Portuguese,ânus
Portuguese,aranha
Portuguese,ariano
Portuguese,balalao
Portuguese,bastardo
Portuguese,bicha
Portuguese,biscate
Portuguese,bissexual
Portuguese,boceta
Portuguese,boob
Portuguese,bosta
Portuguese,braulio de borracha
Portuguese,bumbum
Portuguese,burro
Portuguese,cabrao
Portuguese,cacete
Portuguese,cagar
Portuguese,camisinha
Portuguese,caralho
Portuguese,cerveja
Portuguese,chochota
Portuguese,chupar
Portuguese,clitoris
Portuguese,cocaína
Portuguese,coito
Portuguese,colhoes
Portuguese,comer
Portuguese,cona
Portuguese,consolo
Portuguese,corno
Portuguese,cu
Portuguese,dar o rabo
Portuguese,dum raio
Portuguese,esporra
Portuguese,fecal
Portuguese,filho da puta
Portuguese,foda
Portuguese,foda-se
Portuguese,foder
Portuguese,frango assado
Portuguese,gozar
Portuguese,grelho
Portuguese,heroína
Portuguese,heterosexual
Portuguese,homem gay
Portuguese,homoerótico
Portuguese,homosexual
Portuguese,inferno
Portuguese,lésbica
Portuguese,lolita
Portuguese,mama
Portuguese,merda
Portuguese,paneleiro
Portuguese,passar um cheque
Portuguese,pau
Portuguese,peidar
Portuguese,pênis
Portuguese,pinto
Portuguese,porra
Portuguese,puta
Portuguese,puta que pariu
Portuguese,puta que te pariu
Portuguese,queca
Portuguese,sacanagem
Portuguese,saco
Portuguese,torneira
Portuguese,transar
Portuguese,vadia
Portuguese,vai-te foder
Portuguese,vai tomar no cu
Portuguese,veado
Portuguese,vibrador
Portuguese,xana
Portuguese,xochota
Russian,bychara
Russian,byk
Russian,chernozhopyi
Russian,dolboy'eb
Russian,ebalnik
Russian,ebalo
Russian,ebalom sch'elkat
Russian,gol
Russian,mudack
Russian,opizdenet
Russian,osto'eblo
Russian,ostokhuitel'no
Russian,ot'ebis
Russian,otmudohat
Russian,otpizdit
Russian,otsosi
Russian,padlo
Russian,pedik
Russian,perdet
Russian,petuh
Russian,pidar gnoinyj
Russian,pizda
Russian,pizdato
Russian,pizdatyi
Russian,piz'det
Russian,pizdetc
Russian,pizdoi nakryt'sja
Russian,pizd'uk
Russian,piz`dyulina
Russian,podi ku'evo
Russian,poeben
Russian,po'imat' na konchik
Russian,po'iti posrat
Russian,po khuy
Russian,poluchit pizdy
Russian,pososi moyu konfetku
Russian,prissat
Russian,proebat
Russian,promudobl'adsksya pizdopro'ebina
Russian,propezdoloch
Russian,prosrat
Russian,raspeezdeyi
Russian,raspizdatyi
Russian,raz'yebuy
Russian,raz'yoba
Russian,s'ebat'sya
Russian,shalava
Russian,styervo
Russian,sukin syn
Russian,svodit posrat
Russian,svoloch
Russian,trakhat'sya
Russian,trimandoblydskiy pizdoproyob
Russian,ubl'yudok
Russian,uboy
Russian,u'ebitsche
Russian,vafl'a
Russian,vafli lovit
Russian,v pizdu
Russian,vyperdysh
Russian,vzdrochennyi
Russian,yeb vas
Russian,za'ebat
Russian,zaebis
Russian,zalupa
Russian,zalupat
Russian,zasranetc
Russian,zassat
Russian,zlo'ebuchy
Russian,бздёнок
Russian,блядки
Russian,блядовать
Russian,блядство
Russian,блядь
Russian,бугор
Russian,во пизду
Russian,встать раком
Russian,выёбываться
Russian,гандон
Russian,говно
Russian,говнюк
Russian,голый
Russian,дать пизды
Russian,дерьмо
Russian,дрочить
Russian,другой дразнится
Russian,ёбарь
Russian,ебать
Russian,ебать-копать
Russian,ебло
Russian,ебнуть
Russian,ёб твою мать
Russian,жопа
Russian,жополиз
Russian,играть на кожаной флейте
Russian,измудохать
Russian,каждый дрочит как он хочет
Russian,какая разница
Russian,как два пальца обоссать
Russian,курите мою трубку
Russian,лысого в кулаке гонять
Russian,малофья
Russian,манда
Russian,мандавошка
Russian,мент
Russian,муда
Russian,мудило
Russian,мудозвон
Russian,наебать
Russian,наебениться
Russian,наебнуться
Russian,на фиг
Russian,на хуй
Russian,на хую вертеть
Russian,на хуя
Russian,нахуячиться
Russian,невебенный
Russian,не ебет
Russian,ни за хуй собачу
Russian,ни хуя
Russian,обнаженный
Russian,обоссаться можно
Russian,один ебётся
Russian,опесдол
Russian,офигеть
Russian,охуеть
Russian,охуительно
Russian,половое сношение
Russian,секс
Russian,сиськи
Russian,спиздить
Russian,срать
Russian,ссать
Russian,траxать
Russian,ты мне ваньку не валяй
Russian,фига
Russian,хапать
Russian,хер с ней
Russian,хер с ним
Russian,хохол
Russian,хрен
Russian,хуёво
Russian,хуёвый
Russian,хуем груши околачивать
Russian,хуеплет
Russian,хуило
Russian,хуиней страдать
Russian,хуиня
Russian,хуй
Russian,хуйнуть
Russian,хуй пинать
Spanish,Asesinato
Spanish,asno
Spanish,bastardo
Spanish,Bollera
Spanish,Cabrón
Spanish,Caca
Spanish,Chupada
Spanish,Chupapollas
Spanish,Chupetón
Spanish,concha
Spanish,Concha de tu madre
Spanish,Coño
Spanish,Coprofagía
Spanish,Culo
Spanish,Drogas
Spanish,Esperma
Spanish,Fiesta de salchichas
Spanish,Follador
Spanish,Follar
Spanish,Gilipichis
Spanish,Gilipollas
Spanish,Hacer una paja
Spanish,Haciendo el amor
Spanish,Heroína
Spanish,Hija de puta
Spanish,Hijaputa
Spanish,Hijo de puta
Spanish,Hijoputa
Spanish,Idiota
Spanish,Imbécil
Spanish,infierno
Spanish,Jilipollas
Spanish,Kapullo
Spanish,Lameculos
Spanish,Maciza
Spanish,Macizorra
Spanish,maldito
Spanish,Mamada
Spanish,Marica
Spanish,Maricón
Spanish,Mariconazo
Spanish,martillo
Spanish,Mierda
Spanish,Nazi
Spanish,Orina
Spanish,Pedo
Spanish,Pendejo
Spanish,Pervertido
Spanish,Pezón
Spanish,Pinche
Spanish,Pis
Spanish,Prostituta
Spanish,Puta
Spanish,Racista
Spanish,Ramera
Spanish,Sádico
Spanish,Semen
Spanish,Sexo
Spanish,Sexo oral
Spanish,Soplagaitas
Spanish,Soplapollas
Spanish,Tetas grandes
Spanish,Tía buena
Spanish,Travesti
Spanish,Trio
Spanish,Verga
Spanish,vete a la mierda
Spanish,Vulva
Swedish,arsle
Swedish,brutta
Swedish,discofitta
Swedish,dra åt helvete
Swedish,fan
Swedish,fitta
Swedish,fittig
Swedish,för helvete
Swedish,helvete
Swedish,hård
Swedish,jävlar
Swedish,knulla
Swedish,kuk
Swedish,kuksås
Swedish,kötthuvud
Swedish,köttnacke
Swedish,moona
Swedish,moonade
Swedish,moonar
Swedish,moonat
Swedish,mutta
Swedish,nigger
Swedish,neger
Swedish,olla
Swedish,pippa
Swedish,pitt
Swedish,prutt
Swedish,pök
Swedish,runka
Swedish,röv
Swedish,rövhål
Swedish,rövknulla
Swedish,satan
Swedish,skita
Swedish,skit ner dig
Swedish,skäggbiff
Swedish,snedfitta
Swedish,snefitta
Swedish,stake
Swedish,subba
Swedish,sås
Swedish,sätta på
Swedish,tusan
Thai,กระดอ
Thai,กระเด้า
Thai,กระหรี่
Thai,กะปิ
Thai,กู
Thai,ขี้
Thai,ควย
Thai,จิ๋ม
Thai,จู๋
Thai,เจ๊ก
Thai,เจี๊ยว
Thai,ดอกทอง
Thai,ตอแหล
Thai,ตูด
Thai,น้ําแตก
Thai,มึง
Thai,แม่ง
Thai,เย็ด
Thai,รูตูด
Thai,ล้างตู้เย็น
Thai,ส้นตีน
Thai,สัด
Thai,เสือก
Thai,หญิงชาติชั่ว
Thai,หลั่ง
Thai,ห่า
Thai,หํา
Thai,หี
Thai,เหี้ย
Thai,อมนกเขา
Thai,ไอ้ควาย
Turkish,am
Turkish,amcığa
Turkish,amcığı
Turkish,amcığın
Turkish,amcık
Turkish,amcıklar
Turkish,amcıklara
Turkish,amcıklarda
Turkish,amcıklardan
Turkish,amcıkları
Turkish,amcıkların
Turkish,amcıkta
Turkish,amcıktan
Turkish,amı
Turkish,amlar
Turkish,çingene
Turkish,Çingenede
Turkish,Çingeneden
Turkish,Çingeneler
Turkish,Çingenelerde
Turkish,Çingenelerden
Turkish,Çingenelere
Turkish,Çingeneleri
Turkish,Çingenelerin
Turkish,Çingenenin
Turkish,Çingeneye
Turkish,Çingeneyi
Turkish,göt
Turkish,göte
Turkish,götler
Turkish,götlerde
Turkish,götlerden
Turkish,götlere
Turkish,götleri
Turkish,götlerin
Turkish,götte
Turkish,götten
Turkish,götü
Turkish,götün
Turkish,götveren
Turkish,götverende
Turkish,götverenden
Turkish,götverene
Turkish,götvereni
Turkish,götverenin
Turkish,götverenler
Turkish,götverenlerde
Turkish,götverenlerden
Turkish,götverenlere
Turkish,götverenleri
Turkish,götverenlerin
Turkish,kaltağa
Turkish,kaltağı
Turkish,kaltağın
Turkish,kaltak
Turkish,kaltaklar
Turkish,kaltaklara
Turkish,kaltaklarda
Turkish,kaltaklardan
Turkish,kaltakları
Turkish,kaltakların
Turkish,kaltakta
Turkish,kaltaktan
Turkish,orospu
Turkish,orospuda
Turkish,orospudan
Turkish,orospular
Turkish,orospulara
Turkish,orospularda
Turkish,orospulardan
Turkish,orospuları
Turkish,orospuların
Turkish,orospunun
Turkish,orospuya
Turkish,orospuyu
Turkish,otuz birci
Turkish,otuz bircide
Turkish,otuz birciden
Turkish,otuz birciler
Turkish,otuz bircilerde
Turkish,otuz bircilerden
Turkish,otuz bircilere
Turkish,otuz bircileri
Turkish,otuz bircilerin
Turkish,otuz bircinin
Turkish,otuz birciye
Turkish,otuz birciyi
Turkish,saksocu
Turkish,saksocuda
Turkish,saksocudan
Turkish,saksocular
Turkish,saksoculara
Turkish,saksocularda
Turkish,saksoculardan
Turkish,saksocuları
Turkish,saksocuların
Turkish,saksocunun
Turkish,saksocuya
Turkish,saksocuyu
Turkish,sıçmak
Turkish,sik
Turkish,sike
Turkish,siker sikmez
Turkish,siki
Turkish,sikilir sikilmez
Turkish,sikin
Turkish,sikler
Turkish,siklerde
Turkish,siklerden
Turkish,siklere
Turkish,sikleri
Turkish,siklerin
Turkish,sikmek
Turkish,sikmemek
Turkish,sikte
Turkish,sikten
Turkish,siktir
Turkish,siktirir siktirmez
Turkish,taşağa
Turkish,taşağı
Turkish,taşağın
Turkish,taşak
Turkish,taşaklar
Turkish,taşaklara
Turkish,taşaklarda
Turkish,taşaklardan
Turkish,taşakları
Turkish,taşakların
Turkish,taşakta
Turkish,taşaktan
Turkish,yarağa
Turkish,yarağı
Turkish,yarağın
Turkish,yarak
Turkish,yaraklar
Turkish,yaraklara
Turkish,yaraklarda
Turkish,yaraklardan
Turkish,yarakları
Turkish,yarakların
Turkish,yarakta
Turkish,yaraktan
